<?xml version="1.0" encoding="UTF-8"?>
<project-private xmlns="http://www.netbeans.org/ns/project-private/1">
    <editor-bookmarks xmlns="http://www.netbeans.org/ns/editor-bookmarks/1"/>
    <open-files xmlns="http://www.netbeans.org/ns/projectui-open-files/1">
        <file>file:/C:/Users/Devon/Documents/GitHub/Embedded/PICFramework3%20(ADC%20working)/src/src/interrupts.c</file>
        <file>file:/C:/Users/Devon/Documents/GitHub/Embedded/PICFramework3%20(ADC%20working)/src/src/user_interrupts.c</file>
        <file>file:/C:/Users/Devon/Documents/GitHub/Embedded/PICFramework3%20(ADC%20working)/src/src/my_i2c.c</file>
        <file>file:/C:/Users/Devon/Documents/GitHub/Embedded/PICFramework3%20(ADC%20working)/src/src/interrupts.h</file>
        <file>file:/C:/Users/Devon/Documents/GitHub/Embedded/PICFramework3%20(ADC%20working)/src/src/messages.h</file>
        <file>file:/C:/Users/Devon/Documents/GitHub/Embedded/PICFramework3%20(ADC%20working)/src/src/messages.c</file>
        <file>file:/C:/Users/Devon/Documents/GitHub/Embedded/PICFramework3%20(ADC%20working)/src/src/main.c</file>
        <file>file:/C:/Users/Devon/Documents/GitHub/Embedded/PICFramework3%20(ADC%20working)/src/src/timer0_thread.c</file>
    </open-files>
</project-private>
